2000-us-census-rdf,http://www.rdfabout.com/rdf/usgov/geo/
2001-spanish-census-to-rdf,http://dataweb.infor.uva.es/census2001
abs-linked-data,http://abs.270a.info/dataset/
acorn-sat,http://lab.environment.data.gov.au
addgene,http://purl.org/science/plasmid/addgene/
aegp-spanish-textile-and-clothing-association,http://red.gnoss.com/comunidad/buscaempresas
aemet,http://aemet.linkeddata.es/resource/
agrinepaldata,http://agrinepaldata.com/
agris,http://agris.fao.org/aos/records/info.html
agrovoc-skos,http://aims.fao.org/standards/agrovoc/about
aliada-scanbit-net,http://aliada.scanbit.net:8891/id/collections/
allen-brain-atlas,http://www.brain-map.org/
allie-abbreviation-and-long-form-database-in-life-science,http://purl.org/allie/
amsterdam-museum-as-edm-lod,http://purl.org/collections/nl/am/
animal-diversity-web,http://animaldiversity.ummz.umich.edu/site/about/overview.html
archiveshub-linkeddata,http://data.archiveshub.ac.uk/
arrayexpress_e-mtab-104,http://purl.org/twc/arrayexpress/E-MTAB-104/
artenuevosmedios-gnoss,http://gnoss.com/comunidad/Interactivos
arthroscopy,http://gnoss.com/comunidad/Arthroscopy
asit,http://purl.org/asit/alld
asjp,cldbstest.eva.mpg.de/asjp
asn-us,http://purl.org/ASN/schema/core/
athelia-rfid,http://athelia.com
austrian_ski_racers,http://vocabulary.semantic-web.at/AustrianSkiTeam
b3kat,http://lod.b3kat.de/title/
bams,http://brancusi.usc.edu/bkms/bamsxml.html
bbc-music,http://www.bbc.co.uk/music/artist/
bbc-programmes,http://www.bbc.co.uk/programmes
bbc-wildlife-finder,http://www.bbc.co.uk/nature/
bbop,http://www.berkeleybop.org/
bbop-selected,http://www.berkeleybop.org/
beneficiaries-of-the-european-commission,http://fintrans.publicdata.eu/ec/resource/
berlin-offener-haushalt,http://berlin.offenerhaushalt.de/classifier/berlin/
bfs-linked-data,http://bfs.270a.info/dataset/
bibbase,http://data.bibbase.org/
biblioteca-escolar-digital-cita,http://bibliotecaescolardigital.es
billion_triples_challenge_dataset_2010,http://km.aifb.kit.edu/projects/btc-2010/
billion_triples_challenge_dataset2008,http://challenge.semanticweb.org/
bio2rdf-affymetrix,http://bio2rdf.org/affymetrix:
bio2rdf-biomodels,http://bio2rdf.org/biomodels:
bio2rdf-bioportal,http://bio2rdf.org/bioportal:
bio2rdf-chembl,http://bio2rdf.org/chembl:
bio2rdf-clinicaltrials,http://bio2rdf.org/clinicaltrials:
bio2rdf-ctd,http://bio2rdf.org/ctd:
bio2rdf-dbsnp,http://bio2rdf.org/dbsnp:
bio2rdf-drugbank,http://bio2rdf.org/drugbank:
bio2rdf-genage,http://bio2rdf.org/genage:
bio2rdf-genbank,http://bio2rdf.org/
bio2rdf-gendr,http://bio2rdf.org/gendr:
bio2rdf-goa,http://bio2rdf.org/goa:
bio2rdf-hgnc,http://bio2rdf.org/hgnc:
bio2rdf-homologene,http://bio2rdf.org/homologene:
bio2rdf-inoh,inoh 
bio2rdf-interpro,http://bio2rdf.org/interpro:
bio2rdf-iproclass,http://bio2rdf.org/iproclass:
bio2rdf-irefindex,http://bio2rdf.org/irefindex:
bio2rdf-linkedspl,http://bio2rdf.org/linkedspl:
bio2rdf-lsr,http://bio2rdf.org/lsr:
bio2rdf-mesh,http://bio2rdf.org/mesh:
bio2rdf-mgi,http://bio2rdf.org/mgi:
bio2rdf-ncbigene,http://bio2rdf.org/ncbigene:
bio2rdf-ndc,http://bio2rdf.org/ndc:
bio2rdf-nextprot,http://bio2rdf.org/nextprot:
bio2rdf-omim,http://bio2rdf.org/omim:
bio2rdf-orphanet,http://bio2rdf.org/orphanet:
bio2rdf-pathwaycommons,http://bio2rdf.org/pathwaycommons:
bio2rdf-pharmgkb,http://bio2rdf.org/pharmgkb:
bio2rdf-pubmed,http://bio2rdf.org/pubmed:
bio2rdf-reactome,http://bio2rdf.org/reactome:
bio2rdf-sabiork,http://bio2rdf.org/sabiork:
bio2rdf-sgd,http://bio2rdf.org/sgd:
bio2rdf-sider,http://bio2rdf.org/sider:
bio2rdf-taxonomy,http://bio2rdf.org/taxonomy:
bio2rdf-wikipathways,http://bio2rdf.org/wikipathways:
bio2rdf-wormbase,http://bio2rdf.org/wormbase:
biographical-directory-of-the-united-states-congress,http://logd.tw.rpi.edu/source/congress-gov/dataset/biographical-directory-of-the-united-states-congress/version/2012-Jan-04/
biomodels-rdf,http://identifiers.org/biomodels.db/
bioportal-aao,http://bioportal.bioontology.org/ontologies/1090
bioportal-aba,http://bioportal.bioontology.org/ontologies/1290
bioportal-acgt,http://bioportal.bioontology.org/ontologies/1130
bioportal-adw,http://bioportal.bioontology.org/ontologies/1530
bioportal-aeo,http://bioportal.bioontology.org/ontologies/1568
bioportal-aero,http://bioportal.bioontology.org/ontologies/1580
bioportal-air,http://bioportal.bioontology.org/ontologies/1430
bioportal-amino-acid,http://bioportal.bioontology.org/ontologies/1054
bioportal-apo,http://bioportal.bioontology.org/ontologies/1222
bioportal-atmo,http://bioportal.bioontology.org/ontologies/1099
bioportal-ato,http://bioportal.bioontology.org/ontologies/1370
bioportal-bao,http://bioportal.bioontology.org/ontologies/1533
bioportal-basic-vertebrate-gross-anatomy,http://bioportal.bioontology.org/ontologies/1056
bioportal-bcgo,http://bioportal.bioontology.org/ontologies/1304
bioportal-bdo,http://bioportal.bioontology.org/ontologies/1613
bioportal-bfo,http://bioportal.bioontology.org/ontologies/1332
bioportal-bho,http://bioportal.bioontology.org/ontologies/1116
bioportal-bila,http://bioportal.bioontology.org/ontologies/1114
bioportal-birnlex,http://bioportal.bioontology.org/ontologies/1089
bioportal-bootstrep,http://bioportal.bioontology.org/ontologies/1106
bioportal-bp,http://bioportal.bioontology.org/ontologies/1522
bioportal-bro_x1,http://bioportal.bioontology.org/ontologies/1104
bioportal-bspo,http://bioportal.bioontology.org/ontologies/1078
bioportal-bt,http://bioportal.bioontology.org/ontologies/1134
bioportal-bto,http://bioportal.bioontology.org/ontologies/1005
bioportal-canco,http://bioportal.bioontology.org/ontologies/3030
bioportal-cao,http://bioportal.bioontology.org/ontologies/1582
bioportal-carelex,http://bioportal.bioontology.org/ontologies/3008
bioportal-cco,http://bioportal.bioontology.org/ontologies/1507
bioportal-cdao,http://bioportal.bioontology.org/ontologies/1128
bioportal-chebi,http://bioportal.bioontology.org/ontologies/1007
bioportal-chem2bio2owl,http://bioportal.bioontology.org/ontologies/1615
bioportal-cheminf,http://bioportal.bioontology.org/ontologies/1444
bioportal-cl,http://bioportal.bioontology.org/ontologies/1006
bioportal-clo,http://bioportal.bioontology.org/ontologies/1314
bioportal-cmo,http://bioportal.bioontology.org/ontologies/1583
bioportal-cno,http://bioportal.bioontology.org/ontologies/3003
bioportal-co_wheat,http://bioportal.bioontology.org/ontologies/1545
bioportal-cogat,http://bioportal.bioontology.org/ontologies/1633
bioportal-cogpo,http://bioportal.bioontology.org/ontologies/1560
bioportal-cpt,http://bioportal.bioontology.org/ontologies/1504
bioportal-csp,http://bioportal.bioontology.org/ontologies/1526
bioportal-cst,http://bioportal.bioontology.org/ontologies/1341
bioportal-ctcae,http://bioportal.bioontology.org/ontologies/1415
bioportal-ctx,http://bioportal.bioontology.org/ontologies/3025
bioportal-dc_cl,http://bioportal.bioontology.org/ontologies/1144
bioportal-ddanat,http://bioportal.bioontology.org/ontologies/1008
bioportal-ddi,http://bioportal.bioontology.org/ontologies/1540
bioportal-diagnosticont,http://bioportal.bioontology.org/ontologies/3013
bioportal-dikb-evidence,http://bioportal.bioontology.org/ontologies/1672
bioportal-doid,http://bioportal.bioontology.org/ontologies/1009
bioportal-ecg,http://bioportal.bioontology.org/ontologies/1146
bioportal-eco,http://bioportal.bioontology.org/ontologies/1012
bioportal-efo,http://bioportal.bioontology.org/ontologies/1136
bioportal-ehda,http://bioportal.bioontology.org/ontologies/1022
bioportal-ehdaa,http://bioportal.bioontology.org/ontologies/1021
bioportal-ehdaa2,http://bioportal.bioontology.org/ontologies/1517
bioportal-emap,http://bioportal.bioontology.org/ontologies/1010
bioportal-envo,http://bioportal.bioontology.org/ontologies/1069
bioportal-eo,http://bioportal.bioontology.org/ontologies/1036
bioportal-ep,http://bioportal.bioontology.org/ontologies/1142
bioportal-epileponto,http://bioportal.bioontology.org/ontologies/1639
bioportal-ero,http://bioportal.bioontology.org/ontologies/3016
bioportal-ev,http://bioportal.bioontology.org/ontologies/1013
bioportal-exo,http://bioportal.bioontology.org/ontologies/1575
bioportal-fao,http://bioportal.bioontology.org/ontologies/1019
bioportal-fbbi,http://bioportal.bioontology.org/ontologies/1023
bioportal-fbbt,http://bioportal.bioontology.org/ontologies/1015
bioportal-fbcv,http://bioportal.bioontology.org/ontologies/1017
bioportal-fbdv,http://bioportal.bioontology.org/ontologies/1016
bioportal-fbsp,http://bioportal.bioontology.org/ontologies/1064
bioportal-fda-meddevice,http://bioportal.bioontology.org/ontologies/1576
bioportal-fhho,http://bioportal.bioontology.org/ontologies/1126
bioportal-flu,http://bioportal.bioontology.org/ontologies/1417
bioportal-fma,http://bioportal.bioontology.org/ontologies/1053
bioportal-fypo,http://bioportal.bioontology.org/ontologies/1689
bioportal-geospecies,http://bioportal.bioontology.org/ontologies/1247
bioportal-gfo,http://bioportal.bioontology.org/ontologies/1439
bioportal-gfo-bio,http://bioportal.bioontology.org/ontologies/1440
bioportal-go_x1,http://bioportal.bioontology.org/ontologies/1506
bioportal-go_x2,http://bioportal.bioontology.org/ontologies/1070
bioportal-gro,http://bioportal.bioontology.org/ontologies/1047
bioportal-gro_x1,http://bioportal.bioontology.org/ontologies/1001
bioportal-gro_x2,http://bioportal.bioontology.org/ontologies/1082
bioportal-hao,http://bioportal.bioontology.org/ontologies/1362
bioportal-hcpcs,http://bioportal.bioontology.org/ontologies/1529
bioportal-hl7,http://bioportal.bioontology.org/ontologies/1343
bioportal-hlth_indics,http://bioportal.bioontology.org/ontologies/1581
bioportal-hom,http://bioportal.bioontology.org/ontologies/1328
bioportal-hom_harvard,http://bioportal.bioontology.org/ontologies/1631
bioportal-hp_x1,http://bioportal.bioontology.org/ontologies/1125
bioportal-hpio,http://bioportal.bioontology.org/ontologies/1569
bioportal-hugo,http://bioportal.bioontology.org/ontologies/1528
bioportal-iao,http://bioportal.bioontology.org/ontologies/1393
bioportal-icd10,http://bioportal.bioontology.org/ontologies/1516
bioportal-icd10cm,http://bioportal.bioontology.org/ontologies/1553
bioportal-icd10pcs,http://bioportal.bioontology.org/ontologies/1425
bioportal-icd9cm,http://bioportal.bioontology.org/ontologies/1101
bioportal-icf_x1,http://bioportal.bioontology.org/ontologies/1411
bioportal-icnp,http://bioportal.bioontology.org/ontologies/1401
bioportal-icpc,http://bioportal.bioontology.org/ontologies/1344
bioportal-icpc2p,http://bioportal.bioontology.org/ontologies/1429
bioportal-icps,http://bioportal.bioontology.org/ontologies/1509
bioportal-ido,http://bioportal.bioontology.org/ontologies/1092
bioportal-idobru,http://bioportal.bioontology.org/ontologies/1537
bioportal-idomal,http://bioportal.bioontology.org/ontologies/1311
bioportal-iev,http://bioportal.bioontology.org/ontologies/1011
bioportal-imgt,http://bioportal.bioontology.org/ontologies/1491
bioportal-imr,http://bioportal.bioontology.org/ontologies/1029
bioportal-ino,http://bioportal.bioontology.org/ontologies/1515
bioportal-invertebrata,http://bioportal.bioontology.org/ontologies/1658
bioportal-ixno,http://bioportal.bioontology.org/ontologies/1614
bioportal-jerm,http://bioportal.bioontology.org/ontologies/1488
bioportal-kisao,http://bioportal.bioontology.org/ontologies/1410
bioportal-lhn,http://bioportal.bioontology.org/ontologies/1024
bioportal-lipro,http://bioportal.bioontology.org/ontologies/1183
bioportal-lnc,http://bioportal.bioontology.org/ontologies/1350
bioportal-ma,http://bioportal.bioontology.org/ontologies/1000
bioportal-mao,http://bioportal.bioontology.org/ontologies/1026
bioportal-mat,http://bioportal.bioontology.org/ontologies/1152
bioportal-mcbcc,http://bioportal.bioontology.org/ontologies/1438
bioportal-mccl,http://bioportal.bioontology.org/ontologies/1541
bioportal-mccl_x1,http://bioportal.bioontology.org/ontologies/1245
bioportal-mcv,http://bioportal.bioontology.org/ontologies/3000
bioportal-mddb,http://bioportal.bioontology.org/ontologies/1426
bioportal-mdr,http://bioportal.bioontology.org/ontologies/1422
bioportal-medlineplus,http://bioportal.bioontology.org/ontologies/1347
bioportal-mego,http://bioportal.bioontology.org/ontologies/1257
bioportal-mesh-owl,http://bioportal.bioontology.org/ontologies/3019
bioportal-mf,http://bioportal.bioontology.org/ontologies/3002
bioportal-mfo,http://bioportal.bioontology.org/ontologies/1027
bioportal-mfoem,http://bioportal.bioontology.org/ontologies/1666
bioportal-mhc,http://bioportal.bioontology.org/ontologies/1088
bioportal-mi,http://bioportal.bioontology.org/ontologies/1040
bioportal-miro,http://bioportal.bioontology.org/ontologies/1077
bioportal-mmo,http://bioportal.bioontology.org/ontologies/1584
bioportal-mo,http://bioportal.bioontology.org/ontologies/1131
bioportal-mod,http://bioportal.bioontology.org/ontologies/1041
bioportal-mp,http://bioportal.bioontology.org/ontologies/1025
bioportal-mpath,http://bioportal.bioontology.org/ontologies/1031
bioportal-ms,http://bioportal.bioontology.org/ontologies/1105
bioportal-msh,http://bioportal.bioontology.org/ontologies/1351
bioportal-mthch,http://bioportal.bioontology.org/ontologies/1510
bioportal-natpro,http://bioportal.bioontology.org/ontologies/3004
bioportal-ncbitaxon,http://bioportal.bioontology.org/ontologies/1132
bioportal-ncit,http://bioportal.bioontology.org/ontologies/1032
bioportal-nddf,http://bioportal.bioontology.org/ontologies/1424
bioportal-ndfrt,http://bioportal.bioontology.org/ontologies/1352
bioportal-nemo_x1,http://bioportal.bioontology.org/ontologies/1321
bioportal-neomark,http://bioportal.bioontology.org/ontologies/1686
bioportal-neomarkontology,http://bioportal.bioontology.org/ontologies/1501
bioportal-nif,http://bioportal.bioontology.org/ontologies/1084
bioportal-nif_cell,http://bioportal.bioontology.org/ontologies/1402
bioportal-nif_dysfunction,http://bioportal.bioontology.org/ontologies/1381
bioportal-nigo,http://bioportal.bioontology.org/ontologies/1539
bioportal-nmr,http://bioportal.bioontology.org/ontologies/1033
bioportal-nonrctontology,http://bioportal.bioontology.org/ontologies/3012
bioportal-npo,http://bioportal.bioontology.org/ontologies/1083
bioportal-oae,http://bioportal.bioontology.org/ontologies/1489
bioportal-obi,http://bioportal.bioontology.org/ontologies/1123
bioportal-oboe,http://bioportal.bioontology.org/ontologies/1524
bioportal-oboe-sbc,http://bioportal.bioontology.org/ontologies/1523
bioportal-ocre,http://bioportal.bioontology.org/ontologies/1076
bioportal-odgi,http://bioportal.bioontology.org/ontologies/1086
bioportal-ogi,http://bioportal.bioontology.org/ontologies/1100
bioportal-ogmd,http://bioportal.bioontology.org/ontologies/1085
bioportal-ogms,http://bioportal.bioontology.org/ontologies/1414
bioportal-omim,http://bioportal.bioontology.org/ontologies/1348
bioportal-omit,http://bioportal.bioontology.org/ontologies/1505
bioportal-omrse,http://bioportal.bioontology.org/ontologies/1565
bioportal-ontodm,http://bioportal.bioontology.org/ontologies/1638
bioportal-ontodt,http://bioportal.bioontology.org/ontologies/1588
bioportal-ontoorpha,http://bioportal.bioontology.org/ontologies/1586
bioportal-opl,http://bioportal.bioontology.org/ontologies/1190
bioportal-pato,http://bioportal.bioontology.org/ontologies/1107
bioportal-pdq,http://bioportal.bioontology.org/ontologies/1349
bioportal-pedterm,http://bioportal.bioontology.org/ontologies/1640
bioportal-peo,http://bioportal.bioontology.org/ontologies/1335
bioportal-phare,http://bioportal.bioontology.org/ontologies/1550
bioportal-pko,http://bioportal.bioontology.org/ontologies/1409
bioportal-pma,http://bioportal.bioontology.org/ontologies/1497
bioportal-pmr,http://bioportal.bioontology.org/ontologies/3015
bioportal-po,http://bioportal.bioontology.org/ontologies/1108
bioportal-po_x1,http://bioportal.bioontology.org/ontologies/1038
bioportal-po_x2,http://bioportal.bioontology.org/ontologies/1587
bioportal-pr,http://bioportal.bioontology.org/ontologies/1062
bioportal-propreo,http://bioportal.bioontology.org/ontologies/1039
bioportal-pw,http://bioportal.bioontology.org/ontologies/1035
bioportal-qibo,http://bioportal.bioontology.org/ontologies/1671
bioportal-rcd,http://bioportal.bioontology.org/ontologies/1427
bioportal-rctontology,http://bioportal.bioontology.org/ontologies/1676
bioportal-repo,http://bioportal.bioontology.org/ontologies/1552
bioportal-rex,http://bioportal.bioontology.org/ontologies/1043
bioportal-rid,http://bioportal.bioontology.org/ontologies/1057
bioportal-rnao,http://bioportal.bioontology.org/ontologies/1500
bioportal-roleo,http://bioportal.bioontology.org/ontologies/1538
bioportal-rs,http://bioportal.bioontology.org/ontologies/1150
bioportal-rxnorm,http://bioportal.bioontology.org/ontologies/1423
bioportal-sao,http://bioportal.bioontology.org/ontologies/1068
bioportal-sbo,http://bioportal.bioontology.org/ontologies/1046
bioportal-sbro,http://bioportal.bioontology.org/ontologies/1249
bioportal-sdo,http://bioportal.bioontology.org/ontologies/1651
bioportal-sep,http://bioportal.bioontology.org/ontologies/1044
bioportal-shr,http://bioportal.bioontology.org/ontologies/1665
bioportal-sio,http://semanticscience.org/resource/
bioportal-sitbac,http://bioportal.bioontology.org/ontologies/1237
bioportal-snomedct,http://bioportal.bioontology.org/ontologies/1353
bioportal-snpo,http://bioportal.bioontology.org/ontologies/1058
bioportal-so_x1,http://bioportal.bioontology.org/ontologies/1109
bioportal-sopharm,http://bioportal.bioontology.org/ontologies/1061
bioportal-soy,http://bioportal.bioontology.org/ontologies/3028
bioportal-spd,http://bioportal.bioontology.org/ontologies/1091
bioportal-spto,http://bioportal.bioontology.org/ontologies/3029
bioportal-sso,http://bioportal.bioontology.org/ontologies/1394
bioportal-swo,http://bioportal.bioontology.org/ontologies/1413
bioportal-tads,http://bioportal.bioontology.org/ontologies/1065
bioportal-tao,http://bioportal.bioontology.org/ontologies/1110
bioportal-taxrank,http://bioportal.bioontology.org/ontologies/1419
bioportal-teddy,http://bioportal.bioontology.org/ontologies/1407
bioportal-teo,http://bioportal.bioontology.org/ontologies/3042
bioportal-tgma,http://bioportal.bioontology.org/ontologies/1030
bioportal-thesaurus,http://bioportal.bioontology.org/ontologies/3034
bioportal-tmo,http://bioportal.bioontology.org/ontologies/1461
bioportal-tm-signs-and-sympts,http://bioportal.bioontology.org/ontologies/1572
bioportal-to,http://bioportal.bioontology.org/ontologies/1037
bioportal-tok,http://bioportal.bioontology.org/ontologies/1418
bioportal-tto,http://bioportal.bioontology.org/ontologies/1081
bioportal-uberon,http://bioportal.bioontology.org/ontologies/1404
bioportal-unitsontology,http://bioportal.bioontology.org/ontologies/1650
bioportal-uo,http://bioportal.bioontology.org/ontologies/1112
bioportal-vandf,http://bioportal.bioontology.org/ontologies/1527
bioportal-vao,http://bioportal.bioontology.org/ontologies/1555
bioportal-vhog,http://bioportal.bioontology.org/ontologies/1574
bioportal-vivo,http://bioportal.bioontology.org/ontologies/1699
bioportal-vo,http://bioportal.bioontology.org/ontologies/1172
bioportal-vt,http://bioportal.bioontology.org/ontologies/1659
bioportal-wbbt,http://bioportal.bioontology.org/ontologies/1048
bioportal-wbls,http://bioportal.bioontology.org/ontologies/1049
bioportal-wbphenotype,http://bioportal.bioontology.org/ontologies/1067
bioportal-who,http://bioportal.bioontology.org/ontologies/1354
bioportal-xao,http://bioportal.bioontology.org/ontologies/1095
bioportal-xco,http://bioportal.bioontology.org/ontologies/1585
bioportal-ypo,http://bioportal.bioontology.org/ontologies/1115
bioportal-zfa,http://bioportal.bioontology.org/ontologies/1051
biosamples-rdf,http://rdf.ebi.ac.uk/resource/biosamples/
bis-linked-data,http://bis.270a.info/dataset/
bitzi,http://bitzi.com/
bizkaisense,http://helheim.deusto.es/bizkaisense/resource/
bluk-bnb,http://bnb.data.bl.uk/id/
bpr,http://dati.camera.it/ocd/bpr/
brazilian-politicians,http://ligadonospoliticos.com.br/politico/
british-museum-collection,http://collection.britishmuseum.org/id/
bund-offener-haushalt,http://bund.offenerhaushalt.de
business-data-gov-uk,http://business.data.gov.uk/id/company/
calames,http://www.calames.abes.fr/pub/ms/
cap-italy-rdf,http://data.linkedopendata.it/cap/resource/
ce4r,http://corporateexcellence.net/en/community/patronato
chem2bio2rdf,http://chem2bio2rdf.org/bindingdb/
chembl-rdf,http://rdf.ebi.ac.uk/resource/chembl/
chempedia-rdf,http://data.kasabi.com/dataset/chempedia-rdf/
chronicling-america,http://chroniclingamerica.loc.gov/
clean-energy-data-reegle,http://reegle.info
clld-afbo,http://afbo.info
clld-apics,http://apics-online.info
clld-ewave,http://ewave-atlas.org
clld-glottolog,http://glottolog.org
clld-phoible,http://phoible.org
clld-sails,http://sails.clld.org
clld-wals,http://wals.info
clld-wold,http://wold.clld.org
coins-openuplabs,http://finance.data.gov.uk/def/coins/
colinda,http://colinda.org/resource/
combined-nomenclature-2012,http://purl.org/weso/pscs/cn/2012/resource
comsode-d3-2,http://comsode.eu/resource/
conceptnet,http://csc.media.mit.edu/conceptnet
connectivity-of-lod-datasets,www.csd.uoc.gr 
core,http://core.kmi.open.ac.uk/data/
cornetto,http://purl.org/vocabularies/cornetto/
courts-thesaurus,http://vocabulary.wolterskluwer.de/court
cpa-2008,http://purl.org/weso/pscs/cpa/2008/resource
cpc-2008,http://purl.org/weso/pscs/cpa/2008/resource
cpv-2003,http://purl.org/weso/pscs/cpv/2003/resource
cpv-2008,http://purl.org/weso/pscs/cpv/2008/resource
crowdsourcing-fb,http://140.109.28.64:2020/resource/
ctic-public-dataset,http://data.fundacionctic.org/dataset-catalog/
culturalinkeddata,http://cultura.linkeddata.es/visualizer
cz-ares-or, http://linked.opendata.cz/resource/business-entity/
cz-ares-rzp, http://linked.opendata.cz/resource/business-entity/
cz-cenia-irz-chemicals,http://linked.opendata.cz/resource/domain/irz/
cz-cenia-pollution,http://linked.opendata.cz/resource/domain/cenia.cz/
cz-contracts,http://linked.opendata.cz/resource/domain/seznam.gov.cz/rejstriky/smlouvy/
cz-ctia-bans,http://linked.opendata.cz/resource/domain/coi.cz/ban/
cz-ctia-confiscations,http://linked.opendata.cz/resource/domain/coi.cz/confiscation/
cz-ctia-focus,http://linked.opendata.cz/resource/domain/coi.cz/check-action/
cz-ctia-inspections,http://linked.opendata.cz/resource/domain/coi.cz/check-action/
cz-ctia-sanctions,http://linked.opendata.cz/resource/domain/coi.cz/sanction/
cz-cuzk-cadastre-offices,http://ruian.linked.opendata.cz/resource/
cz-cuzk-legal-relationships-documents,http://ruian.linked.opendata.cz/resource/
cz-czso-average-salaries,http://data.czso.cz/resource/observation/average-salaries/
cz-czso-deaths-by-selected-causes-of-death,http://data.czso.cz/resource/observation/selected-indicators-of-public-health/
cz-czso-demography-in-regions-czech-republic-age-categories,http://data.czso.cz/resource/observation/demography-in-regions-czech-republic-age-categories/
cz-czso-job-applicants,http://data.czso.cz/resource/observation/job-applicants/
cz-czso-job-applicants-and-unemployment-rate,http://data.czso.cz/resource/observation/job-applicants-and-unemployment-rate/
cz-czso-regions,http://linked.opendata.cz/resource/region/
cz-czso-selected-indicators-of-public-health,http://data.czso.cz/resource/observation/selected-indicators-of-public-health/
cz-czso-social-service-facilities,http://data.czso.cz/resource/observation/social-service-facilities/
cz-czso-unemployment-rate,http://data.czso.cz/resource/observation/unemployment-rate/
cz-eh-1-atc,http://linked.opendata.cz/resource/atc/
cz-fulfillments,http://linked.opendata.cz/resource/domain/seznam.gov.cz/rejstriky/plneni/
cz-ic,http://linked.opendata.cz/resource/business-entity/
cz-orders,http://linked.opendata.cz/resource/domain/seznam.gov.cz/rejstriky/objednavky/
cz-ovm,http://linked.opendata.cz/resource/domain/seznam.gov.cz/ovm/ovms/
cz-ovm-agendas,http://linked.opendata.cz/resource/domain/seznam.gov.cz/agendy/
cz-ruian,http://ruian.linked.opendata.cz/resource/
cz-sao-audited-subjects,http://data.nku.cz/resource/
cz-sao-check-actions,http://data.nku.cz/resource/
cz-sao-check-actions-law,http://data.nku.cz/resource/
cz-sidc-drug-ingredients,http://linked.opendata.cz/resource/sukl/active-ingredient/
cz-sidc-drug-prices,http://linked.opendata.cz/resource/sukl/medicinal-product-packaging/
cz-sidc-drugs,http://linked.opendata.cz/resource/sukl/medicinal-product-packaging/
cz-vavai-evaluation-2013,http://linked.opendata.cz/resource/domain/vavai/
cz-vavai-funding-providers,http://linked.opendata.cz/resource/domain/vavai/
cz-vavai-organizations,http://linked.opendata.cz/resource/domain/vavai/
cz-vavai-programmes,http://linked.opendata.cz/resource/domain/vavai/
cz-vavai-projects,http://linked.opendata.cz/resource/domain/vavai/
cz-vavai-research-plans,http://linked.opendata.cz/resource/domain/vavai/
cz-vavai-results,http://linked.opendata.cz/resource/domain/vavai/
cz-vavai-tenders,http://linked.opendata.cz/resource/domain/vavai/
data-bnf-fr,http://data.bnf.fr/
data-cnr-it,http://www.cnr.it/ontology/cnr/individuo/
data-gov-ie,http://stats.data-gov.ie/
data-gov-uk-time-intervals,http://reference.data.gov.uk/id/
data-incubator-climb,http://climb.dataincubator.org/
data-incubator-metoffice,http://metoffice.dataincubator.org/
data-incubator-smcjournals,http://smcjournals.dataincubator.org/
data-open-ac-uk,http://data.open.ac.uk/resource/
data-szepmuveszeti-hu,http://data.szepmuveszeti.hu/id/collections/
datos-artium-org,http://datos.artium.org/id/collections/
datos-bcn-cl,http://datos.bcn.cl/recurso/
datos-bne-es,http://datos.bne.es/resource/
dblp-deusto-gnoss,http://researchgroups.gnoss.com
dbnary,http://kaiko.getalp.org/about-dbnary
dbpedia,http://dbpedia.org/resource/
dbpedia-el,http://el.dbpedia.org/resource/
dbpedia-es,http://es.dbpedia.org/resource/
dbpedia-eu,http://eudbpedia.deusto.es/resource/
dbpedia-fr,http://fr.dbpedia.org/resource/
dbpedia-ja,http://ja.dbpedia.org/resource/
dbpedia-lite,http://dbpedialite.org/things/
dbpedia-live,http://live.dbpedia.org
dbpedia-nl,http://nl.dbpedia.org/resource/
dbpedia-pt,http://pt.dbpedia.org/resource/
dbpedia-spotlight,http://spotlight.dbpedia.org
dbtropes,http://dbtropes.org/resource/
dbtune,http://dbtune.org/
dbtune-artists-last-fm,http://dbtune.org/artists/last-fm/
dbtune-audioscrobbler,http://dbtune.org/last-fm/
dbtune-classical,http://dbtune.org/classical/resource/
dbtune-john-peel-sessions,http://dbtune.org/bbc/peel/
dbtune-magnatune,http://dbtune.org/magnatune/artist/
dbtune-musicbrainz,http://dbtune.org/musicbrainz/
dbtune-myspace,http://dbtune.org/myspace/
dclg-openuplabs,http://data.gov.uk/blog/local-data-exchange-ldex-incubator
dcs-sheffield,http://www.dcs.shef.ac.uk/
debian-package-tracking-system,http://packages.qa.debian.org/
deustoentrepreneurship,http://deusto.gnoss.com/en/community/deustoEntrepreneurship
deustotech,http://deusto.gnoss.com
deutsche-biographie,http://www.deutsche-biographie.de/
deutsche-nationalbibliografie-dnb,http://d-nb.info/
dewey_decimal_classification,http://dewey.info/
diavgeia,http://diavgeia.math.auth.gr/resource/
didactalia,http://didactalia.net
disgenet,http://rdf.disgenet.org/
disk,http://www.facebook.com/profile.php?id=100003406270546
dm2e,http://dm2e.eu/data
dmoz_rdf_dump,http://rdf.dmoz.org/
dnb-gemeinsame-normdatei,http://d-nb.info/gnd/
doap_store,http://doapstore.org/
doi,http://dx.doi.org
drug-data-hifm,http://purl.org/net/hifm/data#
dutch-national-regulations-metalex,http://doc.metalex.eu
eagle-i-alaska,http://alaska.eagle-i.net/i/
eagle-i-cdrewu,http://cdrewu.eagle-i.net/i/
eagle-i-dartmouth,http://dartmouth.eagle-i.net/i/
eagle-i-famu,http://famu.eagle-i.net/i/
eagle-i-harvard,http://harvard.eagle-i.net/i/
eagle-i-hawaii,http://hawaii.eagle-i.net/i/
eagle-i-jsu,http://jsu.eagle-i.net/i/
eagle-i-montana,http://montana.eagle-i.net/i/
eagle-i-msm,http://msm.eagle-i.net/i/
eagle-i-ohsu,http://ohsu.eagle-i.net/i/
eagle-i-psm,http://psm.eagle-i.net/i/
eagle-i-tsu,http://tsu.eagle-i.net/i/
eagle-i-uccaribe,http://uccaribe.eagle-i.net/i/
eagle-i-upr,http://upr.eagle-i.net/i/
eagle-i-utep,http://utep.eagle-i.net/i/
eagle-i-utsa,http://utsa.eagle-i.net/i/
eagle-i-vanderbilt,http://eagle-i/ea/vanderbilt.edu/i/
eagle-i-xula,http://xula.eagle-i.net/i/
ecb-linked-data,http://ecb.270a.info/dataset/
ecb-statistics-linked-data,http://ecb.publicdata.eu/
ecco-tcp-linked-data,http://data.kasabi.com/dataset/ecco-tcp-eighteenth-century-collections-online-texts/
ecs,http://rdf.ecs.soton.ac.uk/ontology/ecs#
educationalprograms_sisvu,http://kent.zpr.fer.hr:8080/educationalProgram/resource
education-data-gov-uk,http://education.data.gov.uk/doc/institution
education-openuplabs,http://openuplabs.tso.co.uk/datasets/gov-education
eea,http://www.eea.europa.eu/publications
eea-rod,http://rod.eionet.europa.eu
eionet-rdf,http://rdfdata.eionet.europa.eu/
elviajero,http://webenemasuno.linkeddata.es/elviajero/resource/
enakting-co2emission,http://co2emission.psi.enakting.org/id/
enakting-crime,http://crime.psi.enakting.org/id/
enakting-energy,http://energy.psi.enakting.org/def/
enakting-mortality,http://mortality.psi.enakting.org/id/
enakting-nhs,http://nhs.psi.enakting.org/id/nhs/
enakting-population,http://population.psi.enakting.org/id/
englishheritage_places,http://data.kasabi.com/dataset/english-heritage/
english-index-of-multiple-deprivation-ranking-2010,ttp://opendatacommunities.org/id/IMD/2010/IMD-rank/LSOA/
english-index-of-multiple-deprivation-score-2010,http://opendatacommunities.org/id/IMD/2010/IMD-score/LSOA/
english-indices-of-multiple-deprivation,http://opendatacommunities.org/resources/
enipedia,http://enipedia.tudelft.nl/wiki/
entrez_gene,http://www.ncbi.nlm.nih.gov/gene
entrez_gene_extract,ftp://ftp.ncbi.nlm.nih.gov/gene/DATA/gene_info.gz
environment-agency-bathing-water-quality,http://environment.data.gov.uk/data/bathing-water-quality/
environmental-applications-reference-thesaurus,http://linkeddata.ge.imati.cnr.it/resource/EARTh/
environment-data-gov-uk,http://environment.data.gov.uk/
epo,http://epo.publicdata.eu/ebd/id/
esd-standards,http://id.esd.org.uk/
es-msssi-drug-prices,http://linked.opendata.cz/resource/es/msssi
eu-agencies-bodies,http://agencies.publicdata.eu/r/
eu-dgt-tm,http://langtech.jrc.it/DGT-TM.html
eu-institutions,http://institutions.publicdata.eu/#
eumida-linked-data,http://eumida.publicdata.eu/data/
eunis,http://eunis.eea.europa.eu/
eu-parliament-media,http://eupmedia.publicdata.eu/data/
eur-lex-rdf,http://eur-lex.publicdata.eu/ontology/
eurobarometer-standard,http://eurobarometer.publicdata.eu/data/
europeana-lod-v1,http://data.europeana.eu
europeana-sparql,http://data.europeana.eu/item/
european-election-results,http://elections.publicdata.eu/data/
eurostat-rdf,http://ec.europa.eu/eurostat/
euskadi-farmacias,http://opendata.euskadi.net/w79-contdata/es/contenidos/ds_localizaciones/farmacias_de_euskadi/es_farmacia/farmacias.html
eutc-productions,http://www.bedlamtheatre.co.uk/
eu-who-is-who,http://whoiswho.publicdata.eu/data/
event-media,http://data.linkedevents.org/
facebook-lids,http://km.aifb.kit.edu/services/facewrap/
fao-geopolitical-ontology,http://www.fao.org/countryprofiles/geoinfo/geopolitical/resource/
fao-linked-data,http://fao.270a.info/dataset/
farmbio-chembl,http://rdf.farmbio.uu.se/chembl/
farmers-markets-geographic-data-united-states,http://logd.tw.rpi.edu/source/data-gov/dataset/4383/version/2011-Nov-29/
federal-economic-rdf,http://data.kasabi.com/dataset/federal-reserve-economic-data
feedwrapper-lids,http://feedwrap.openlids.org/
finnish-municipalities,http://www.yso.fi/onto/kunnat/
fishes-of-texas,http://data.fishesoftexas.org:8080/fish/
flickr-wrappr,http://www4.wiwiss.fu-berlin.de/flickrwrappr/photos/
flyatlas,http://code.google.com/p/openflydata/wiki/Flyatlas
fly-ted,http://code.google.com/p/openflydata/wiki/Flyted
framenet,http://framenet.icsi.berkeley.edu/
frb-linked-data,http://frb.270a.info/dataset/
freebase,http://rdf.freebase.com/
french-timebank,http://www.linguist.univ-paris-diderot.fr/~abittar/french-timebank/
fu-berlin-cordis,http://www4.wiwiss.fu-berlin.de/cordis/resource/
fu-berlin-dailymed,http://www4.wiwiss.fu-berlin.de/dailymed/resource/
fu-berlin-dblp,http://www4.wiwiss.fu-berlin.de/dblp/resource/
fu-berlin-diseasome,http://www4.wiwiss.fu-berlin.de/diseasome/resource/
fu-berlin-drugbank,http://www4.wiwiss.fu-berlin.de/drugbank/resource/
fu-berlin-ec-competition,http://www4.wiwiss.fu-berlin.de/eccompetition/resource/
fu-berlin-euraxess,http://www4.wiwiss.fu-berlin.de/euraxess/resource/
fu-berlin-eures,http://www4.wiwiss.fu-berlin.de/eures/resource/
fu-berlin-eurostat,http://www4.wiwiss.fu-berlin.de/eurostat/resource/
fu-berlin-medicare,http://www4.wiwiss.fu-berlin.de/medicare/resource/
fu-berlin-project-gutenberg,http://www4.wiwiss.fu-berlin.de/gutendata/resource/
fu-berlin-sider,http://www4.wiwiss.fu-berlin.de/sider/resource/
fu-berlin-stitch,http://www4.wiwiss.fu-berlin.de/stitch/resource/
galen_from_co-odeorg,http://www.co-ode.org/galen/
garnicaplywood,http://products.garnicaplywood.com/comunidad/garnicacatalogo
gemeenschappelijke-thesaurus-audiovisuele-archieven,http://data.beeldengeluid.nl/gtaa/
gemet,http://www.eionet.europa.eu/gemet/
gene-expression-atlas-rdf,http://rdf.ebi.ac.uk/resource/atlas/
geoecuador,http://geo.linkeddata.ec/resource
geographic-openuplabs,http://openuplabs.tso.co.uk/datasets/os-geo
geolinkeddata,http://geo.linkeddata.es/resource/
geological-survey-of-austria-thesaurus,http://resource.geolba.ac.at/
geonames-semantic-web,http://sws.geonames.org/
geospecies,http://lod.geospecies.org/
geowordnet,http://geowordnet.semanticmatching.org/3.0/
german-labor-law-thesaurus,http://vocabulary.wolterskluwer.de/arbeitsrecht
gesis-thesoz,http://lod.gesis.org/thesoz/
gipuzkoademografia,http://datos.eurohelp.es/PruebasFinales/
glastonbury-2011,http://programme.ecs.soton.ac.uk/glastonbury/2011/
global-hunger-index-2011,http://data.kasabi.com/dataset/global-hunger-index
glottolog,http://glottolog.org
gnoss-com-a-social-and-semantic-platform,http://gnoss.com/
gnusocial-social-umeahackerspace-se,https://social.umeahackerspace.se/
googleart-wrapper,http://linkeddata.few.vu.nl/googleart/museums/
govagribus-denmark,http://extbi.lab.aau.dk/resource/
government-web-integration-for-linked-data,http://govwild.org/id/
govtrack,http://www.rdfabout.com/rdf/usgov/
greek-wordnet,http://wordnet.okfn.gr/
green-competitiveness-gnoss,http://red.gnoss.com/en/community/greencompetitiveness
grrp,http://www.linkedopendata.it/datasets/grrp
grrt,http://data.linkedopendata.it/grrt/resource/
gutenberg,http://www.gutenberg.org/
hebis-bibliographic-resources,http://lod.hebis.de/resource/
hedatuz,http://helheim.deusto.es/hedatuz/resource/
hellenic-fire-brigade,http://greek-lod.math.auth.gr/fire-brigade/resource
hellenic-police,http://greek-lod.math.auth.gr/police/resource/
hungarian-national-library-catalog,http://nektar.oszk.hu/
icane,http://www.icane.es
ichoose,http://ichoose.tw.rpi.edu/
idreffr,http://www.idref.fr/
ids,http://lingweb.eva.mpg.de/ids/
iislod-test,http://data.odw.tw/
imf-linked-data,http://imf.270a.info/dataset/
ineverycrea,http://ineverycrea.net/
ineverycrea-argentina,http://ineverycrea.net/en/community/ineverycreaargentina
insemtives,http://www.insemtives.eu/lod.php
instance-hub-countries,http://logd.tw.rpi.edu/id_page
instance-hub-organizations,http://logd.tw.rpi.edu/id_page
instance-hub-people,http://logd.tw.rpi.edu/id_page
instance-hub-us-civil-servants,http://logd.tw.rpi.edu/id_page
instance-hub-us-congressional-committees,http://logd.tw.rpi.edu/id_page
instance-hub-us-congressional-districts,http://logd.tw.rpi.edu/id_page
instance-hub-us-federal-agencies,http://logd.tw.rpi.edu/id_page
instance-hub-us-states-and-territories,http://logd.tw.rpi.edu/id_page
instance-hub-us-toxic-chemicals,http://logd.tw.rpi.edu/id_page
integrated-human-geography-service-for-lod,http://data.ngii.go.kr
interactivemaps-gnoss,http://mapasinteractivos.didactalia.net/comunidad/mapasflashinteractivos
intervalue,http://www.greek-lod.gr/intervalue/
iptc-newscodes,http://www.iptc.org/cms/site/index.html?channel=CH0103
iserve,http://iserve.kmi.open.ac.uk/iserve/
isic-v4,http://purl.org/weso/pscs/isic/v4/resource
isidore,http://www.rechercheisidore.fr
iso-3166-2-data,http://ontologi.es/place/
isocat,http://www.isocat.org
ispra-lod-ihi,http://dati.isprambiente.it/id/website/dissesto/html
istat-immigration,http://www.linkedopendata.it/datasets/istat-immigration
istat-immigrazione,http://www.linkedopendata.it/datasets/istat-immigrazione
it-aifa-drug-prices,http://linked.opendata.cz/resource/es/msssi
italian-public-schools-linkedopendata-it,http://data.linkedopendata.it/scuole/resource/
iucr-acta-cryst-e,http://openbiblio.net/2011/01/12/academic-bibliography-data-available-from-acta-cryst-e/
jamendo-dbtune,http://dbtune.org/jamendo/
japan-radioactivity-stat,http://www.kanzaki.com/works/2011/stat/ra/
jiscopenbib-bl_bnb-1,http://bnb.bibliographica.org/
jita,http://aims.fao.org/aos/jita/
jmdict,http://www.csse.monash.edu.au/~jwb/j_jmdict.html
john-goodwins-family-tree,http://www.johngoodwin.me.uk/family/
jrc-names-mlode,https://ec.europa.eu/jrc/en/language-technologies/jrc-names
j-ucs-journal-of-universal-computer-science,http://jucs.org:8181/d2rq/
judaicalink,http://data.judaicalink.org/data/
kaken,http://kaken.nii.ac.jp
kallikratis-municipalities,http://greek-lod.math.auth.gr/kalikratis/resource/
kasabi-openflights-routes,http://kasabi.com/dataset/openflights-routes
klappstuhlclub,http://klappstuhlclub.de
knoesis-linked-sensor-data,http://knoesis.wright.edu/ssw/
kupkb,http://www.kupkb.org/
l3s-dblp,http://dblp.l3s.de/d2r/resource/
lak-dataset,http://data.linkededucation.org/resource/
lcc,wortschatz.uni-leipzig.de
lcsh,http://id.loc.gov/
lcsubjects,http://lcsubjects.org/
legislation-openuplabs,http://openuplabs.tso.co.uk/datasets/gov-legislation
lesliesikos,http://rdfs.org/ns/void#
lexinfo,http://lexinfo.net/
lexvo,http://lexvo.org/id/
libris,http://libris.kb.se/bib/
libver,http://libver.math.auth.gr/resource
lichfield-spending,http://spending.lichfielddc.gov.uk
lingvoj,http://www.lingvoj.org
linkedcrowdsourceddata,http://www.contextdatacloud.org/resource/
linked-crunchbase,http://km.aifb.kit.edu/services/crunchbase/api/
linkedct,http://linkedct.org/resource/
linked-edgar,http://edgarwrap.ontologycentral.com/
linked-eurostat,http://estatwrap.ontologycentral.com/id/
linkedgeodata,http://linkedgeodata.org/
linkedgeodata-aerodromes,http://linkedgeodata.org
linkedlccn,http://purl.org/NET/lccn/
linked-life-data,http://linkedlifedata.com/resource/
linkedmarkmail,http://linkedmarkmail.wikier.org/
linkedmdb,http://data.linkedmdb.org/resource/
linked-nuts,http://nuts.psi.enakting.org/id/
linked-open-camera,http://purl.org/net7/vocab/locs/v1#
linked-open-commerce,http://linkedopencommerce.com/
linked-open-data-of-ecology,http://ecowlim.tfri.gov.tw/lode/resource/
linked-open-numbers,http://km.aifb.kit.edu/projects/numbers/web/
linked-open-piracy,http://semanticweb.cs.vu.nl/poseidon/ns/home
linked-open-senate,http://www.linkedopendata.it/datasets/los
linked-open-vocabularies-lov,http://lov.okfn.org/dataset/lov/lov#
linked-periodicals,http://periodicals.dataincubator.org/
linked-structured-product-labels,http://purl.org/net/linkedSPLs
linked-user-feedback,http://soa4all.isoco.net/luf/
linked-uspto-patent-data,http://aksw.org/Projects/USPatents.html
linking-open-drug-data,http://esw.w3.org/topic/HCLSIG/LODD
linklion,http://www.linklion.org/
lista-encabezamientos-materia,http://id.sgcb.mcu.es/
lobid-organisations,http://lobid.org/organisation/
lobid-resources,http://lobid.org/resource/
loc,http://purl.org/colors/
lodac-bdls,http://lod.ac/bdls/
lod-it_scuole-italiane,http://www.linkedopendata.it/datasets/scuole
lofd,http://lofd.tw.rpi.edu/
loius,http://sw.unime.it/loius/
loius-linking-italian-university-statistics,http://sw.unime.it/loius/download.html
london-gazette,http://www.london-gazette.co.uk/
los_metar,http://www.linkedopenservices.org/services/geo/SpatialResources/point/ICAO/
lotico,http://www.lotico.com/resource/
lower-layer-super-output-areas,http://opendatacommunities.org/datasets/geography
manchester-university-reading-lists,http://www.readinglists.manchester.ac.uk/
marc-codes,http://purl.org/NET/marccodes/
masc,http://www.anc.org/MASC/Home.html
massobservationarchivecatalogue,http://specialcollections.lib.sussex.ac.uk/CalmView/Record.aspx?src=Catalog&id=SxMOA1
medline,http://purl.org/okfn/medline
meducator,http://purl.org/meducator/resources/
mesh_ipsv_skos_rdf,http://thesauri.cs.vu.nl/eswc06/
mesh_pairs,http://www.nlm.nih.gov/mesh/
mesh-finnish,http://www.yso.fi/onto/mesh/
miguiadeviajes-gnoss,http://miguiadeviajes.net
mismuseos-gnoss,http://mismuseos.net/
mlsa,http://iggsa.sentimental.li/index.php/downloads/
morelab,http://www.morelab.deusto.es/resource/
msc,http://msc2010.org/resources/MSC/2010/msc2010/ 
multext-east,http://nl.ijs.si/ME/V4/
multilingualeulaw,http://langtech.jrc.it/DGT-TM.html
munich-offener-haushalt,http://bund.offenerhaushalt.de/
muninn-world-war-i,http://rdf.muninn-project.org/ww1
musei-italiani,http://www.linkedopendata.it/datasets/musei
museosespania-gnoss,http://museos.gnoss.com/comunidad/mismuseos/
museums-in-italy,http://data.linkedopendata.it/data/musei/resource/
musicbrainz_,http://www.musicbrainz.org/
my-experiment,http://www.myexperiment.org
my-family-lineage,http://my-family-lineage.com/wiki/
naics-2007,http://purl.org/weso/pscs/naics/2007/resource
naics-2012,http://purl.org/weso/pscs/naics/2012/resource
nalt,http://lod.nal.usda.gov/
national-diet-library-authorities,http://id.ndl.go.jp/auth/ndlna/
near,http://beta.kasabi.com/dataset/near
neel,http://neel.cs.unipi.gr/entry2/
neurocommons_text_mining_pilot,http://sw.neurocommons.org/2007/text-mining.html
newsweek,http://www.newsweek.com
nextweb-gnoss,http://gnoss.com/comunidad/nextweb
nhs-jargon,http://kantenwerk.org/2011/05/16/nhs-jargon-rdf/
n-lex-as-linked-data,http://n-lex.publicdata.eu/ontology
nlm_2007_mesh,http://www.nlm.nih.gov/mesh/
nobelprizes,http://data.nobelprize.org/resource/
nomenclator-asturias,http://purl.org/weso/nomenclator/
norwegian-geo-divisions,http://data.lenka.no/geo
nottingham-trent-university-resource-lists,http://resourcelists.ntu.ac.uk/
npg,http://developers.nature.com/docs/read/linked_data
ntnusc,http://www.ntnu.no/ub/digital/
nuts-geovocab,http://nuts.geovocab.org/
nvd,http://www.ntnu.no/ub/data/nvd/2003/
nvs,http://vocab.nerc.ac.uk/
nytimes-linked-open-data,http://data.nytimes.com/
o-anc,http://www.americannationalcorpus.org/OANC/
oanetzwerk,http://www.dini.de/projekte/oa-netzwerk/
ocd,http://dati.camera.it/ocd/
oceandrilling-codices,http://data.oceandrilling.org/codices/
oceandrilling-dbseabed,http://iodp-usio.org/lithology/
oceandrilling-forams,http://chronos.org/taxa/
oceandrilling-janus,http://data.oceandrilling.org/januslod/
oceandrilling-janusamp,http://chronos.org/janusamp/
oceandrilling-ldeo,http://data.oceandrilling.org/source/ldeo/dataset/logs/
oclc-fast,http://id.worldcat.org/fast/
odc,http://opendatacommunities.org/
odc-imd-environment-score,http://opendatacommunities.org/datasets/imd-environment-score-2010
odc-imd-rank-2007,http://opendatacommunities.org/id/
odc-lsoa,http://opendatacommunities.org/id/geography/lsoa/
odc-population-2005,http://opendatacommunities.org/id
oecd-linked-data,http://oecd.270a.info/dataset/
offener-haushalt,http://bund.offenerhaushalt.de/
ogolod,http:miuras.inf.um.es/ogolod/resource/Gene/67440
olia,http://purl.org/olia
omegawiki,http://www.omegawiki.org/Meta:Main_Page
ontobeef-domain,http://onto.beef.org.pl/domain/
ontos-news-portal,http://www.ontosearch.com/2008/01/identification#
open_directory,http://dmoz.org/
opencalais,http://d.opencalais.com/
opencorporates,http://opencorporates.com/companies
opencyc,http://sw.opencyc.org/concept/
opendataec,http://data.utpl.edu.ec/ecuadorresearch/lod/resource/
open-data-euskadi,http://opendata.euskadi.net/w79-home/es
open-data-risp,http://red.gnoss.com/comunidad/OpenData
open-data-thesaurus,http://vocabulary.semantic-web.at/OpenData/
open-election-data-project,http://openelectiondata.org/parties/
open-energy-info-wiki,http://en.openei.org/
open-library,http://openlibrary.org/
openlink-lod-cache,http://lod.openlinksw.com/
openlylocal,http://openlylocal.com/id/
openmobilenetwork,http://www.openmobilenetwork.org/resource/
openuplabs,http://openuplabs.tso.co.uk/datasets
opus,http://opus.lingfil.uu.se/
ordnance-survey-linked-data,http://data.ordnancesurvey.co.uk/doc/postcodeunit/
organic-edunet,http://data.organic-edunet.eu/directory/identifier
osm-semantic-network,http://spatial.ucd.ie/lod/osn
oxpoints,http://oxpoints.oucs.ox.ac.uk/id/
pali-english-lexicon,http://data.kasabi.com/dataset/pali-english-lexicon
patents-data-gov-uk,http://patents.data.gov.uk/id/
periodo,http://n2t.net/ark:/99152/p0
phoible,http://phoible.org
pleiades,http://pleiades.stoa.org/places/ http://pleiades.stoa.org/places/vocab# http://atlantides.org/capgrids/
pokepedia-fr,http://www.pokepedia.fr/
polymath-virtual-library,http://www.larramendi.es/i18n/estaticos/contenido.cmd?pagina=estaticos/bibliotecaIL
prefix-cc,http://prefix.cc/
prelex,http://prelex.publicdata.eu/r/
printed-book-auction-catalogues,http://keithalexander.co.uk/pbac
productdb,http://productdb.org/gtin/
productontology,http://www.productontology.org
prospects-and-trends-gnoss,http://gnoss.com/comunidad/prospectivatecnologica
provenanceweb,http://provenanceweb.org/
proyectoapadrina,http://gnoss.com/comunidad/MPV-APADRINA
pscs-catalogue,http://purl.org/weso/pscs/resource
psh-subject-headings,http://psh.ntkcz.cz/
public-record-office-victoria-semantic-wiki,http://www.wiki.prov.vic.gov.au/index.php/Public_Record_Office_Victoria_Semantic_Wiki
qualitywebdata-org,http://qualitywebdata.org/
quotations_book,http://quotationsbook.com
radatana,http://data.bibsys.no/data/notrbib/authorityentry/
rdf-book-mashup,http://www4.wiwiss.fu-berlin.de/bookmashup/
rdfize-lastfm,http://lastfm.rdfize.com/
rdflicense,http://purl.org/NET/rdflicense
rdfohloh,ttp://rdfohloh.wikier.org/
reactome-rdf,http://identifiers.org/reactome/
rechtspraak,http://linkeddata.few.vu.nl/rechtspraak/
red-uno-internacional-santillana,http://reduno-internacional.com/en/community/unoi
reference-data-gov-uk,http://reference.data.gov.uk/id/
reload,http://lod.xdams.org/reload/oad/
research-data-gov-uk,http://research.data.gov.uk/id/
revyu,http://revyu.com/reviews/
riese,http://riese.joanneum.at/data/
rism,https://data.rism.info/id/rismid/
rism-authorities,https://data.rism.info/id/rismauthorities/
rkb_explorer_data,http://www.rkbexplorer.com/data
rkb-explorer-acm,http://acm.rkbexplorer.com/id/
rkb-explorer-budapest,http://budapest.rkbexplorer.com/id/
rkb-explorer-citeseer,http://citeseer.rkbexplorer.com/id/
rkb-explorer-cordis,http://cordis.rkbexplorer.com/id/
rkb-explorer-courseware,http://courseware.rkbexplorer.com/id/
rkb-explorer-crime,http://crime.rkbexplorer.com/id/
rkb-explorer-crm,http://crm.rkbexplorer.com/id/
rkb-explorer-curriculum,http://curriculum.rkbexplorer.com/id/
rkb-explorer-darmstadt,http://darmstadt.rkbexplorer.com/id/
rkb-explorer-dblp,http://dblp.rkbexplorer.com/id/
rkb-explorer-deepblue,http://deepblue.rkbexplorer.com/id/
rkb-explorer-deploy,http://deploy.rkbexplorer.com/id/
rkb-explorer-digitaleconomy,http://digitaleconomy.rkbexplorer.com/id/
rkb-explorer-dotac,http://dotac.rkbexplorer.com/id/
rkb-explorer-ecs,http://ecs.rkbexplorer.com/id/
rkb-explorer-enaktingpsi,http://enaktingpsi.rkbexplorer.com
rkb-explorer-eprints,http://eprints.rkbexplorer.com/id/
rkb-explorer-epsrc,http://epsrc.rkbexplorer.com/id/
rkb-explorer-era,http://era.rkbexplorer.com/id/
rkb-explorer-eurecom,http://eurecom.rkbexplorer.com/id/
rkb-explorer-ft,http://ft.rkbexplorer.com/id/
rkb-explorer-fun,http://fun.rkbexplorer.com/id/
rkb-explorer-gdlc,http://gdlc.rkbexplorer.com
rkb-explorer-ibm,http://ibm.rkbexplorer.com/id/
rkb-explorer-ieee,http://ieee.rkbexplorer.com/id/
rkb-explorer-irit,http://irit.rkbexplorer.com/id/
rkb-explorer-italy,http://italy.rkbexplorer.com/id/
rkb-explorer-jisc,http://jisc.rkbexplorer.com/id/
rkb-explorer-kaunas,http://kaunas.rkbexplorer.com/id/
rkb-explorer-kisti,http://kisti.rkbexplorer.com/id/
rkb-explorer-laas,http://laas.rkbexplorer.com/id/
rkb-explorer-lisbon,http://lisbon.rkbexplorer.com/id/
rkb-explorer-newcastle,http://newcastle.rkbexplorer.com/id/
rkb-explorer-notube,http://notube.rkbexplorer.com
rkb-explorer-nsf,http://nsf.rkbexplorer.com/id/
rkb-explorer-oai,http://oai.rkbexplorer.com/id/
rkb-explorer-opencyc,http://opencyc.rkbexplorer.com/id/
rkb-explorer-os,http://os.rkbexplorer.com/id/
rkb-explorer-photos,http://photos.rkbexplorer.com/id/
rkb-explorer-pisa,http://pisa.rkbexplorer.com/id/
rkb-explorer-rae2001,http://rae2001.rkbexplorer.com/id/
rkb-explorer-resex,http://resex.rkbexplorer.com/id/
rkb-explorer-risks,http://risks.rkbexplorer.com/id/
rkb-explorer-roma,http://roma.rkbexplorer.com/id/
rkb-explorer-roni,http://roni.rkbexplorer.com
rkb-explorer-southampton,http://southampton.rkbexplorer.com/id/
rkb-explorer-ulm,http://ulm.rkbexplorer.com/id/
rkb-explorer-unlocode,http://unlocode.rkbexplorer.com/id/
rkb-explorer-webconf,http://webconf.rkbexplorer.com/id/
rkb-explorer-webscience,http://webscience.rkbexplorer.com/id/
rkb-explorer-wiki,http://wiki.rkbexplorer.com/id/
rkb-explorer-wordnet,http://wordnet.rkbexplorer.com/id/
rosetta-project,http://www.rosettaproject.org/
rpm_find,http://rpmfind.net/linux/RPM/
rxnorm,http://link.informatics.stonybrook.edu/rxnorm/
sadi-semantic-web-services-framework-registry,http://sadiframework.org/registry
saldo,http://spraakbanken.gu.se/resurs/saldo
sameas-org,http://sameas.org/
sandrart-net,http://ta.sandrart.net/edition-information/services/linked-open-data-rdf/
sanskrit-english-lexicon,http://data.kasabi.com/dataset/sanskrit-english-lexicon
santillana_guide_dataset,http://santillana.linkeddata.es/elviajero/resource
scholarometer,http://scholarometer.indiana.edu/namespaces/
science_commons,http://sciencecommons.org
sears,http://www.sears.com/
secold,http://aseg.cs.concordia.ca/secold/resource/
sec-rdfabout,http://www.rdfabout.com/rdf/usgov/sec/id/
semantic_bible,http://semanticbible.org/ns/2006/NTNames#
semantic-library,http://semanticlibrary.org/
semantic-profiling-network,http://laurensgoessemantic.wordpress.com
semanticquran,http://mlode.nlp2rdf.org/resource/
semantictweet,http://semantictweet.com/
semantic-universe,http://data.semanticuniverse.com
semantic-web-dog-food,http://data.semanticweb.org/
semanticweb-org,http://semanticweb.org/id/
semantic-xbrl,http://rhizomik.net/semanticxbrl/
semsol-crunchbase,http://cb.semsol.org
sentiws,http://asv.informatik.uni-leipzig.de/download/sentiws.html
serendipity,http://serendipity.utpl.edu.ec/lod/resource/
shoah-victims-names,http://cdec.opendams.org/lod/shoah/
simile_data_collection,http://simile.mit.edu/repository/datasets/index.html
sitc-v4,http://purl.org/weso/pscs/sitc/v4/resource
slideshare2rdf,http://linkeddata.few.vu.nl/slideshare/
smartlink,http://smartlink.open.ac.uk/smartlink/resource/
socialsemweb-thesaurus,http://vocabulary.semantic-web.at/semweb/
southampton-ac-uk-apps,http://data.southampton.ac.uk/
southampton-ecs-eprints,http://eprints.ecs.soton.ac.uk/id/eprint/
spqr,http://spqr.cerch.kcl.ac.uk/
stac,http://securitytoolbox.appspot.com/
staff-organograms-and-pay-scottish-government,http://organogram.data.gov.uk/data/scotland/
staff-organograms-and-pay-thurrock-thames-gateway-development-corporation,http://organogram.data.gov.uk/data/thurrocktgdc
st-andrews-resource-lists,http://resourcelists.st-andrews.ac.uk/
statistics-data-gov-uk,http://statistics.data.gov.uk/id/
steak,http://steak.kisti.re.kr/steak/project.html
stitch-rameau,http://stitch.cs.vu.nl/vocabularies/rameau/
stw-thesaurus-for-economics,http://zbw.eu/stw/
sudocfr,http://www.sudoc.fr/
surge-radio,http://www.surgeradio.co.uk/
swedish-open-cultural-heritage,http://kulturarvsdata.se/
sweto-dblp,http://lsdis.cs.uga.edu/projects/semdis/opus#
sztaki-lod,http://lod.sztaki.hu/data/
t4gm-info,http://www.t4gm.info/
tags2con-delicious,http://disi.unitn.it/~knowdive/dataset/delicious/
talkbank,http://talkbank.org/
taxonconcept,http://lod.taxonconcept.org/
tcga,http://ibl.mdanderson.org/TCGA/
tcga-roadmap,http://purl.org/tcga/core#
tcmgenedit_dataset,http://purl.org/net/tcm/
tekord,http://www.ntnu.no/ub/data/tekord
telegraphis,http://telegraphis.net/
temple-ov-thee-lemur-datasets,http://data.totl.net/
testee,xxx
texai_lexicon,http://sourceforge.net/projects/texai
the-drug-interaction-knowledge-base,http://dbmi-icode-01.dbmi.pitt.edu/dikb-evidence/front-page.html
the-european-library-open-dataset,http://data.theeuropeanlibrary.org/BibliographicResource/
the-eurostat-linked-data,http://eurostat.linked-statistics.org/
thesaurus-datenwissen,http://thesaurus.datenwissen.de/
thesaurus-w,http://www.archivesdefrance.culture.gouv.fr/thesaurus/resource/
thesesfr,http://www.theses.fr/
the-view-from,http://theviewfrom.org/things/
thist,http://linkeddata.ge.imati.cnr.it/resource/ThIST/
traditional-korean-medicine,http://tkm.kiom.re.kr/tkmedicine
transparency-linked-data,http://transparency.270a.info/dataset/
transport-data-gov-uk,http://transport.data.gov.uk/id/
transport-openuplabs,http://openuplabs.tso.co.uk/datasets/gov-transport
twarql,http://twarql.org/
twc-healthdata,http://purl.org/twc/health/
twc-hub,http://purl.org/twc/hub/
twc-ieeevis,http://ieeevis.tw.rpi.edu/
twc-logd,http://logd.tw.rpi.edu/
twc-opendap,http://opendap.tw.rpi.edu/
twitter-lids,http://km.aifb.kit.edu/services/twitterwrap/
uberblic,http://uberblic.org/resource/
ub-mannheim-linked-data,http://data.bib.uni-mannheim.de/data/
uis-linked-data,http://uis.270a.info/dataset/
uk-legislation-api,http://www.legislation.gov.uk/
uk-postcodes,http://www.uk-postcodes.com/postcode/
umbel,http://umbel.org/umbel/
umthes,http://data.uba.de/umt/
un-hazardous-numbers,http://data.kasabi.com/dataset/un-hazardous-material-numbers
uniprot,http://purl.uniprot.org/
uniprotkb,http://purl.uniprot.org/uniprot/
uniprot-taxonomy,http://purl.uniprot.org/taxonomy
uniprot-uniparc,http://purl.uniprot.org/uniparc
uniprot-unipathway,http://purl.uniprot..org/pathways/
uniref,http://www.uniprot.org/uniref/
universidad-de-cuenca-linkeddata,http://ucuenca.edu.ec/institucion
university-plymouth-reading-lists,http://lists.lib.plymouth.ac.uk/lists/
university-sussex-reading-lists,http://liblists.sussex.ac.uk/items/
unodc,http://unodc.publicdata.eu/r/
uriburner,http://linkeddata.uriburner.com/
utpl-lod,http://data.utpl.edu.ec/utpl/lod/resource/
verrijktkoninkrijk,http://semanticweb.cs.vu.nl/verrijktkoninkrijk/
viaf,http://viaf.org/viaf/
vidont,http://vidont.org/
vivo,http://vivo.cornell.edu/individual/
vivo2doi,http://lod.hackerceo.org/ANGEL/VIVO2DOI/
vivo-cornell-university,http://vivo.cornell.edu/
vivo-cu-boulder,http://vivo.colorado.edu/
vivo-indiana-university,http://vivo.iu.edu/
vivo-ponce,http://beta.vivosearch.org/institution/ponce-school-medicine
vivo-scripps-research-institute,http://vivo.scripps.edu/
vivo-university-of-florida,http://vivo.ufl.edu/
vivo-weill-cornell-medical-college,http://vivo.med.cornell.edu/
vivo-wustl,http://vivo.wustl.edu/
vulnerapedia,http://minsky.gsi.dit.upm.es/semanticwiki/index.php/
vu-wordnet,http://purl.org/vocabularies/princeton/wn30
w3c-provenance-incubator-group-vocabulary-mappings,http://www.w3.org/2005/Incubator/prov/wiki/Provenance_Vocabulary_Mappings#Mappings
w3c-wordnet,http://www.w3.org/2006/03/wn/wn20/
wikiword_thesaurus,http://brightbyte.de/page/WikiWord
wold,wold.livingsources.org
wordnet,http://wordnet.princeton.edu
world-bank-linked-data,http://worldbank.270a.info/dataset/
world-factbook-fu-berlin,http://www4.wiwiss.fu-berlin.de/factbook/resource/
ww1lod,http://ldf.fi/ww1lod/
xwn,http://casta-net.jp/~kuribayashi/multi/
yago,http://yago-knowledge.org/resource/
yale_senselab,http://neuroweb.med.yale.edu/senselab/
yovisto,http://www.yovisto.com/resource
ysa,http://onki.fi/en/browser/overview/ysa
zaragoza-datosabiertos,http://www.zaragoza.es/datosabiertos/id/
zbw-labs,http://zbw.eu/labs/
zbw-pressemappe20,http://zbw.eu/beta/p20/
zhishi-me,http://zhishi.me/
zitgist-musicbrainz,http://zitgist.com/music
